url,description
https://www.youtube.com/watch?v=kYeLBZMTLjk,"As we get better at generating DeepFakes, we must also get better at identifying them, too. In this Python tutorial, Nicholas ""Caeglan"" will show you how to use MesoNet to identify DeepFakes. 

⭐ Kite is a free AI-powered coding assistant that will help you code faster and smarter. The Kite plugin integrates with all the top editors and IDEs to give you smart completions and documentation while you’re typing. We made this YouTube channel and Kite to help you be more productive: https://kite.com/download/?utm_medium...​

*************************************** 
JOIN our community of developers  ► https://www.facebook.com/groups/50565...​

SUBSCRIBE for more Python tips, tutorials, and coding interview prep! ► https://www.youtube.com/c/KiteHQ?sub_...​

Follow us Twitter ► https://twitter.com/kitehq​

Github Project Repo ► https://github.com/kiteco/python-yout...​

MesoNet White Paper ►https://arxiv.org/pdf/1809.00888.pdf​

Batch Normalization ► https://en.wikipedia.org/wiki/Batch_n...​
*************************************** 
ADDITIONAL RESOURCES:

6 Python Tips and Tricks YOU Should Know ► 
https://youtu.be/qEr9iRX4K0o​

Push- Up Bot?!  Make a Discord Bot in Python [step-by-step tutorial] ► 
https://youtu.be/etSRnPp9H8s​

How to Build HANGMAN in 10 Minutes (Python tutorial) ► 
https://youtu.be/m4nEnsavl6w​

*************************************** 
Don’t forget to subscribe :)
https://www.youtube.com/c/KiteHQ?sub_...​

STAY TUNED:
Kite ► https://kite.com/​
Twitter ►https://twitter.com/kitehq​
YouTube ► https://www.youtube.com/channel/UCxVR...​"
https://www.youtube.com/watch?v=v_raWlX7tZY,"This Python beginner tutorial shows you how to use the Python Image Library to build a short, interactive script to convert any image to ASCII art using the Python Image Library. 

⭐ Kite is a free AI-powered coding assistant that will help you code faster and smarter. The Kite plugin integrates with all the top editors and IDEs to give you smart completions and documentation while you’re typing. We made this YouTube channel and Kite to help you be more productive:  https://kite.com/download/?utm_medium...

*************************************** 
JOIN our community of developers  ► https://www.facebook.com/groups/50565...

SUBSCRIBE for more Python tips, tutorials, and coding interview prep! ► https://www.youtube.com/c/KiteHQ?sub_...

Follow us Twitter ► https://twitter.com/kitehq

Github Repo ► https://github.com/kiteco/python-yout...

*************************************** 
ADDITIONAL BEGINNER RESOURCES:

6 Python Tips and Tricks YOU Should Know ► 
https://youtu.be/qEr9iRX4K0o

Push- Up Bot?!  Make a Discord Bot in Python [step-by-step tutorial] ► 
https://youtu.be/etSRnPp9H8s

How to Build HANGMAN in 10 Minutes (Python tutorial) ► 
https://youtu.be/m4nEnsavl6w

*************************************** 
Don’t forget to subscribe :)
https://www.youtube.com/c/KiteHQ?sub_...

STAY TUNED:
Kite ► https://kite.com/
Twitter ►https://twitter.com/kitehq
YouTube ► https://www.youtube.com/channel/UCxVR..."
https://www.youtube.com/watch?v=uNs8cb8V-5c,"With Python, we examine seven other past epidemics using the simulation we built to visualize the spread of COVID-19 to model each of these diseases.

⭐ Kite is a free AI-powered coding assistant that will help you code faster and smarter. The Kite plugin integrates with all the top editors and IDEs to give you smart completions and documentation while you’re typing. We made this YouTube channel and Kite to help you be more productive: https://kite.com/download/?utm_medium...

*************************************** 
SIMULATING COVID-19 SPREAD WITH PYTHON ► https://youtu.be/KAmZe5D3v5I

GITHUB REPO ►https://github.com/kiteco/python-yout...

JOIN our community of developers  ► https://www.facebook.com/groups/50565...

SUBSCRIBE for more Python tips, tutorials, and coding interview prep! ► https://www.youtube.com/c/KiteHQ?sub_...

Follow us Twitter ► https://twitter.com/kitehq

*************************************** 
ADDITIONAL RESOURCES:

6 Python Tips and Tricks YOU Should Know ► 
https://www.youtube.com/watch?v=qEr9i...

How to NAIL LeetCode Questions– Valid Parentheses ► 
https://www.youtube.com/watch?v=-K6A2...

Sqlite 3 Python Tutorial in 5 minutes - Creating Database, Tables and Querying► 
https://www.youtube.com/watch?v=girsu...

*************************************** 
Don’t forget to subscribe :)
https://www.youtube.com/c/KiteHQ?sub_...

STAY TUNED:
Kite ► https://kite.com/
Twitter ►https://twitter.com/kitehq
YouTube ► https://www.youtube.com/channel/UCxVR..."
https://www.youtube.com/watch?v=9bBgyOkoBQ0,"In this Python tutorial, Caelan uses Pygame, a super cool set of Python modules designed for making simple video games, to build Snake! It can be used to build other retro arcade games like Space Invaders.

⭐ Kite is a free AI-powered coding assistant that will help you code faster and smarter. The Kite plugin integrates with all the top editors and IDEs to give you smart completions and documentation while you’re typing. We made this YouTube channel and Kite to help you be more productive:  https://kite.com/download/?utm_medium...

*************************************** 
JOIN our community of developers  ► https://www.facebook.com/groups/50565...

SUBSCRIBE for more Python tips, tutorials, and coding interview prep! ► https://www.youtube.com/c/KiteHQ?sub_...

Follow us Twitter ► https://twitter.com/kitehq

Github Repo ► https://github.com/kiteco/python-yout...

*************************************** 
ADDITIONAL BEGINNER RESOURCES:

6 Python Tips and Tricks YOU Should Know ► 
https://youtu.be/qEr9iRX4K0o

Push- Up Bot?!  Make a Discord Bot in Python [step-by-step tutorial] ► 
https://youtu.be/etSRnPp9H8s

How to Build HANGMAN in 10 Minutes (Python tutorial) ► 
https://youtu.be/m4nEnsavl6w

*************************************** 
Don’t forget to subscribe :)
https://www.youtube.com/c/KiteHQ?sub_...

STAY TUNED:
Kite ► https://kite.com/
Twitter ►https://twitter.com/kitehq
YouTube ► https://www.youtube.com/channel/UCxVR..."
https://www.youtube.com/watch?v=b4XP2IcI-Bg,"2048! The game you couldn't put down. Learn how to build it in this 20 minute Python tutorial using Tkinter. This game tutorial shows you how to build a game from scratch using Tkinter for the graphical user interface, or GUI. Tkinter is the Python binding to the Tk toolkit, which is used across many programming languages for building GUIs. 

⭐ Kite is a free AI-powered coding assistant that will help you code faster and smarter. The Kite plugin integrates with all the top editors and IDEs to give you smart completions and documentation while you’re typing. We made this YouTube channel and Kite to help you be more productive: https://kite.com/download/?utm_medium...

*************************************** 
DOWNLOAD KITE, FREE ►  https://kite.com/download/?utm_medium...

JOIN our community of developers  ► https://www.facebook.com/groups/50565...

SUBSCRIBE for more Python tips, tutorials, and coding interview prep! ► https://www.youtube.com/c/KiteHQ?sub_...

Follow us Twitter ► https://twitter.com/kitehq

Completed Project Repo ►https://github.com/kiteco/python-yout...

*************************************** 
ADDITIONAL RESOURCES:

6 Python Tips and Tricks YOU Should Know ► 
https://youtu.be/qEr9iRX4K0o

Push- Up Bot?!  Make a Discord Bot in Python [step-by-step tutorial] ► 
https://youtu.be/etSRnPp9H8s

How to Build HANGMAN in 10 Minutes (Python tutorial) ► 
https://youtu.be/m4nEnsavl6w

*************************************** 
Don’t forget to subscribe :)
https://www.youtube.com/c/KiteHQ?sub_...

STAY TUNED:
Kite ► https://kite.com/
Twitter ►https://twitter.com/kitehq
YouTube ► https://www.youtube.com/channel/UCxVR..."
https://www.youtube.com/watch?v=yOXQAmYl0Aw,"In this tutorial, Caelan shows you how to create a Python script that queries the Google Maps Platform (using the Distance Matrix API). When there's too much traffic on his commute to work, it will automatically email his boss that he needs a sick day! You can use Google Maps Platform's set of APIs to incorporate into your projects to retrieve data from Google Maps for route data, travel times, etc. 

⭐ Kite is a free AI-powered coding assistant that will help you code faster and smarter. The Kite plugin integrates with all the top editors and IDEs to give you smart completions and documentation while you’re typing. We made this YouTube channel and Kite to help you be more productive:  https://kite.com/download/?utm_medium...

*************************************** 
JOIN our community of developers  ► https://www.facebook.com/groups/50565...

SUBSCRIBE for more Python tips, tutorials, and coding interview prep! ► https://www.youtube.com/c/KiteHQ?sub_...

Follow us Twitter ► https://twitter.com/kitehq

Github Repo ► https://github.com/kiteco/python-yout...

Google Maps Platform ► https://developers.google.com/maps/do...

*************************************** 
ADDITIONAL RESOURCES:

6 Python Tips and Tricks YOU Should Know ► 
https://youtu.be/qEr9iRX4K0o

Push- Up Bot?!  Make a Discord Bot in Python [step-by-step tutorial] ► 
https://youtu.be/etSRnPp9H8s

How to Build HANGMAN in 10 Minutes (Python tutorial) ► 
https://youtu.be/m4nEnsavl6w

*************************************** 
Don’t forget to subscribe :)
https://www.youtube.com/c/KiteHQ?sub_...

STAY TUNED:
Kite ► https://kite.com/
Twitter ►https://twitter.com/kitehq
YouTube ► https://www.youtube.com/channel/UCxVR..."
https://www.youtube.com/watch?v=F5PJSipLQkM,"Launching Kite for JavaScript. Kite’s Multi-Line Completions automate away the repetitive boilerplate of writing JavaScript code. Code faster and smarter with Kite. 

⭐ Kite is a free AI-powered coding assistant that will help you code faster and smarter. The Kite plugin integrates with all the top editors and IDEs to give you smart completions and documentation while you’re typing. We made this YouTube channel and Kite to help you be more productive: https://kite.com/download/?utm_medium...

SUBSCRIBE to our channel! ► https://www.youtube.com/c/KiteHQ?sub_...

Follow us Twitter ► https://twitter.com/kitehq"
https://www.youtube.com/watch?v=FE_oAQ5FzMk,"This is a follow-up video to our first tutorial on building 2048. We'll be using Monte Carlo tree search to build an AI to win 2048. The process of building this AI is easier than winning yourself! 

⭐ Kite is a free AI-powered coding assistant that will help you code faster and smarter. The Kite plugin integrates with all the top editors and IDEs to give you smart completions and documentation while you’re typing. We made this YouTube channel and Kite to help you be more productive: https://kite.com/download/?utm_medium...

*************************************** 
JOIN our community of developers  ► https://www.facebook.com/groups/50565...

SUBSCRIBE for more Python tips, tutorials, and coding interview prep! ► https://www.youtube.com/c/KiteHQ?sub_...

Follow us Twitter ► https://twitter.com/kitehq

How to Build 2048 in Python ►https://youtu.be/b4XP2IcI-Bg

*************************************** 
ADDITIONAL RESOURCES:

6 Python Tips and Tricks YOU Should Know ► 
https://youtu.be/qEr9iRX4K0o

Push- Up Bot?!  Make a Discord Bot in Python [step-by-step tutorial] ► 
https://youtu.be/etSRnPp9H8s

How to Build HANGMAN in 10 Minutes (Python tutorial) ► 
https://youtu.be/m4nEnsavl6w

*************************************** 
Don’t forget to subscribe :)
https://www.youtube.com/c/KiteHQ?sub_...

STAY TUNED:
Kite ► https://kite.com/
Twitter ►https://twitter.com/kitehq
YouTube ► https://www.youtube.com/channel/UCxVR..."
https://www.youtube.com/watch?v=L2vpOL-jHpQ,"⭐ Kite is a free AI-powered coding assistant that will help you code faster and smarter. The Kite plugin integrates with all the top editors and IDEs to give you smart completions and documentation while you’re typing. We made this YouTube channel and Kite to help you be more productive: https://kite.com/download/?utm_medium...  

SUBSCRIBE to our channel! ► https://www.youtube.com/c/KiteHQ?sub_...

Follow us Twitter ► https://twitter.com/kitehq"
https://www.youtube.com/watch?v=yKqBI5nVHvE,"Learn how to make a Twitter Bot that complains to your ISP when your internet is too slow! This Python tutorial uses the Twitter API, speedtest and Python's scheduling library, sched. 

⭐ Kite is a free AI-powered coding assistant that will help you code faster and smarter. The Kite plugin integrates with all the top editors and IDEs to give you smart completions and documentation while you’re typing. We made this YouTube channel and Kite to help you be more productive:  https://kite.com/download/?utm_medium...

*************************************** 
JOIN our community of developers  ► https://www.facebook.com/groups/50565...

SUBSCRIBE for more Python tips, tutorials, and coding interview prep! ► https://www.youtube.com/c/KiteHQ?sub_...

Follow us Twitter ► https://twitter.com/kitehq

Github Repo ► https://github.com/kiteco/python-yout...

Twitter API Video ► https://youtu.be/EAvEa5fLwRA

*************************************** 
ADDITIONAL RESOURCES:

6 Python Tips and Tricks YOU Should Know ► 
https://youtu.be/qEr9iRX4K0o

Push- Up Bot?!  Make a Discord Bot in Python [step-by-step tutorial] ► 
https://youtu.be/etSRnPp9H8s

How to Build HANGMAN in 10 Minutes (Python tutorial) ► 
https://youtu.be/m4nEnsavl6w

*************************************** 
Don’t forget to subscribe :)
https://www.youtube.com/c/KiteHQ?sub_...

STAY TUNED:
Kite ► https://kite.com/
Twitter ►https://twitter.com/kitehq
YouTube ► https://www.youtube.com/channel/UCxVR..."
https://www.youtube.com/watch?v=UbysrHsK1cY,"This video shows you what $5 and $30 can get you on Fiverr if you want to have someone create a Python web app for you. Caelan walks you through the code to break down how each developer created the app and whether or not they met the criteria!

⭐ Kite is a free AI-powered coding assistant that will help you code faster and smarter. The Kite plugin integrates with all the top editors and IDEs to give you smart completions and documentation while you’re typing. We made this YouTube channel and Kite to help you be more productive:  https://kite.com/download/?utm_medium...

*************************************** 
JOIN our community of developers  ► https://www.facebook.com/groups/50565...

SUBSCRIBE for more Python tips, tutorials, and coding interview prep! ► https://www.youtube.com/c/KiteHQ?sub_...

Follow us Twitter ► https://twitter.com/kitehq

Github Repo ► https://github.com/kiteco/python-yout...

*************************************** 
ADDITIONAL RESOURCES:

6 Python Tips and Tricks YOU Should Know ► 
https://youtu.be/qEr9iRX4K0o

Push- Up Bot?!  Make a Discord Bot in Python [step-by-step tutorial] ► 
https://youtu.be/etSRnPp9H8s

How to Build HANGMAN in 10 Minutes (Python tutorial) ► 
https://youtu.be/m4nEnsavl6w

*************************************** 
Don’t forget to subscribe :)
https://www.youtube.com/c/KiteHQ?sub_...

STAY TUNED:
Kite ► https://kite.com/
Twitter ►https://twitter.com/kitehq
YouTube ► https://www.youtube.com/channel/UCxVR..."
https://www.youtube.com/watch?v=969JyYVM0Pg,"In this Python tutorial, Caelan demonstrates how to use a pre-trained convolutional neural network (CNN) called the Speech-Emotion-Analyzer. The voice recognizer is used to detect the speech and emotions of Michael Scott and Dwight Schrute from The Office! 

⭐ Kite is a free AI-powered coding assistant that will help you code faster and smarter. The Kite plugin integrates with all the top editors and IDEs to give you smart completions and documentation while you’re typing. We made this YouTube channel and Kite to help you be more productive: https://kite.com/download/?utm_medium...

*************************************** 
JOIN our community of developers  ► https://www.facebook.com/groups/50565...

SUBSCRIBE for more Python tips, tutorials, and coding interview prep! ► https://www.youtube.com/c/KiteHQ?sub_...

Follow us Twitter ► https://twitter.com/kitehq

Github Project Repo ► https://github.com/kiteco/python-yout...

Original Speech-Emotion_Analyzer Model ► https://github.com/MITESHPUTHRANNEU/S...
*************************************** 
ADDITIONAL RESOURCES:

6 Python Tips and Tricks YOU Should Know ► 
https://youtu.be/qEr9iRX4K0o

Push- Up Bot?!  Make a Discord Bot in Python [step-by-step tutorial] ► 
https://youtu.be/etSRnPp9H8s

How to Build HANGMAN in 10 Minutes (Python tutorial) ► 
https://youtu.be/m4nEnsavl6w

*************************************** 
Don’t forget to subscribe :)
https://www.youtube.com/c/KiteHQ?sub_...

STAY TUNED:
Kite ► https://kite.com/
Twitter ►https://twitter.com/kitehq
YouTube ► https://www.youtube.com/channel/UCxVR..."
https://www.youtube.com/watch?v=-29x_deQQus,"With over 250 libraries in Python, it can a bit confusing to know which one is best for your project. Caelan walks you through the top 40 libraries and how they're used! Full list of libraries mentioned below. 

⭐ Kite is a free AI-powered coding assistant that will help you code faster and smarter. The Kite plugin integrates with all the top editors and IDEs to give you smart completions and documentation while you’re typing. We made this YouTube channel and Kite to help you be more productive: https://kite.com/download/?utm_medium...

*************************************** 
JOIN our community of developers  ► https://www.facebook.com/groups/50565...

DOWNLOAD KITE, FREE ►  https://kite.com/download/?utm_medium...[]

SUBSCRIBE for more Python tips, tutorials, and project breakdowns! ► https://www.youtube.com/c/KiteHQ?sub_...

Follow us Twitter ► https://twitter.com/kitehq

***************************************
ADDITIONAL RESOURCES:

6 Python Tips and Tricks YOU Should Know ► 
https://www.youtube.com/watch?v=qEr9i...

How to NAIL LeetCode Questions– Valid Parentheses ► 
https://www.youtube.com/watch?v=-K6A2...

Sqlite 3 Python Tutorial in 5 minutes - Creating Database, Tables and Querying► 
https://www.youtube.com/watch?v=girsu...

*************************************** 
Don’t forget to subscribe :)
https://www.youtube.com/c/KiteHQ?sub_...

STAY TUNED:
Kite ► https://kite.com/
Twitter ►https://twitter.com/kitehq
YouTube ► https://www.youtube.com/channel/UCxVR...

*************************************** 
TOP 40 LIBRARIES:

Natural Language Processing (2):
NLTK ► manipulate strings 
https://www.nltk.org/
FlashText ► replace keywords in sentences or extract keywords from sentences 
https://pypi.org/project/flashtext/

Computer Vision (2):
OpenCV ► computer vision/ image processing 
https://opencv.org/
SimpleCV ► computer vision 
http://simplecv.org/

GUI (3):
Tkinter ► GUI 
https://docs.python.org/3/library/tki...
wxPython ►  GUI toolkit 
https://wxpython.org/
PyQt ► GUI toolkit 
https://pypi.org/project/PyQt5/

Game (2):
Pygame ► writing video games mainly 
https://www.pygame.org/
Pyglet ► 3d animation and game creation engine 
http://pyglet.org/

Web (6):
Requests ► HTTP library/Web 
https://requests.readthedocs.io/en/ma...
Scrapy ► webscraping 
https://scrapy.org/
BeautifulSoup ► parsing/webscraping https://www.crummy.com/software/Beaut...
Zappa ► server-less application on API Gateway and Amazon Web Services Lambda 
https://github.com/Miserlou/Zappa
Django ► web framework 
https://www.djangoproject.com/
Flask ► web framework 
https://flask.palletsprojects.com/en/...

Data Science (5):
Pandas ► data-science 
https://pandas.pydata.org/
Matplotlib ► 2-dimensional graphs and plots 
https://matplotlib.org/
Plotly ► similar to matplotlib 
https://plotly.com/python/
Bokeh ► data visualization library https://docs.bokeh.org/en/latest/inde...
SQLAlchemy ► Database Abstraction 
https://www.sqlalchemy.org/

Math (3):
Numpy ► advance math functionalities 
https://numpy.org/
SciPy ► library of algorithms and mathematical tools https://www.scipy.org/
SymPy ► algebraic evaluation, differentiation, expansion, complex numbers 
https://www.sympy.org/en/index.html

Machine Learning (8):
Keras ► deep neural networks 
https://keras.io/
Tensorflow ► develop, train and design deep learning models https://www.tensorflow.org/
PyTorch ► machine learning 
https://pytorch.org/
Scikit-Learn ► ML 
https://scikit-learn.org/stable/
Imbalanced-learn ► ML 
https://pypi.org/project/imbalanced-l...
Theano ► deep learning library
http://deeplearning.net/software/theano/
LightGBM ► machine learning
https://github.com/microsoft/LightGBM
Eli5 ► machine learning
https://pypi.org/project/eli5/

Other (9):
Twisted ► network application develop
https://pypi.org/project/Twisted/ (website down)
IPython ► completion, history, shell capabilities, and a lot more
https://ipython.org/
Pillow ► images/Python Imaging Library
https://python-pillow.org/
Poetry ► manage python packaging and dependencies
https://python-poetry.org/
Gensim ► natural library processing library
https://radimrehurek.com/gensim/
Pywin32 ► Interact with Windows
https://github.com/mhammond/pywin32
Kivy ► Mobile Apps
https://kivy.org/#home
Pendulum ► date and time
https://pendulum.eustace.io/
Loguru ► python logging
https://github.com/Delgan/loguru

***************************************"
https://www.youtube.com/watch?v=SauRW1Vok44,"In this Python tutorial, Caelan will show you how to use Scikit-learn to predict Tesla's stock price by training and testing a long short-term memory (LSTM) neural network model. This same machine learning technique can be used to predict tomorrow's stock price with only minor modifications. 

⭐ Kite is a free AI-powered coding assistant that will help you code faster and smarter. The Kite plugin integrates with all the top editors and IDEs to give you smart completions and documentation while you’re typing. We made this YouTube channel and Kite to help you be more productive: https://kite.com/download/?utm_medium...

*************************************** 
JOIN our community of developers  ► https://www.facebook.com/groups/50565...

SUBSCRIBE for more Python tips, tutorials, and coding interview prep! ► https://www.youtube.com/c/KiteHQ?sub_...

Follow us Twitter ► https://twitter.com/kitehq

Github Project Repo ► https://github.com/kiteco/python-yout...

Original Speech-Emotion_Analyzer Model ► https://github.com/MITESHPUTHRANNEU/S...
*************************************** 
ADDITIONAL RESOURCES:

6 Python Tips and Tricks YOU Should Know ► 
https://youtu.be/qEr9iRX4K0o

Push- Up Bot?!  Make a Discord Bot in Python [step-by-step tutorial] ► 
https://youtu.be/etSRnPp9H8s

How to Build HANGMAN in 10 Minutes (Python tutorial) ► 
https://youtu.be/m4nEnsavl6w

*************************************** 
Don’t forget to subscribe :)
https://www.youtube.com/c/KiteHQ?sub_...

STAY TUNED:
Kite ► https://kite.com/
Twitter ►https://twitter.com/kitehq
YouTube ► https://www.youtube.com/channel/UCxVR..."
https://www.youtube.com/watch?v=1hhuFrBNoLg,"These are the 5 Twitter accounts we think Python developers should be following in 2020 for Python tips, tools, resources, project ideas and news.

⭐ Kite is a free AI-powered coding assistant that will help you code faster and smarter. The Kite plugin integrates with all the top editors and IDEs to give you smart completions and documentation while you’re typing. We made this YouTube channel and Kite to help you be more productive: https://kite.com/download/?utm_medium...

*************************************** 
Level up your developer skills by joining Kite's Developer Community on Facebook ► https://www.facebook.com/groups/50565...

SUBSCRIBE for more Python tips, tutorials, and project breakdowns! ► https://www.youtube.com/c/KiteHQ?sub_...

FOLLOW US on Twitter ► https://twitter.com/kitehq

*************************************** 
ADDITIONAL RESOURCES:

6 Python Tips and Tricks YOU Should Know ► 
https://www.youtube.com/watch?v=qEr9i...

How to NAIL LeetCode Questions– Valid Parentheses ► 
https://www.youtube.com/watch?v=-K6A2...

Sqlite 3 Python Tutorial in 5 minutes - Creating Database, Tables and Querying► 
https://www.youtube.com/watch?v=girsu...

*************************************** 
Don’t forget to subscribe :)
https://www.youtube.com/c/KiteHQ?sub_...

STAY TUNED:
Kite ► https://kite.com/
Twitter ►https://twitter.com/kitehq
YouTube ► https://www.youtube.com/channel/UCxVR..."
https://www.youtube.com/watch?v=afEg6VuAQJQ,"Let's go through the history of the world's biggest codebases starting in 1970 all the way to now. 

⭐ Kite is a free AI-powered coding assistant that will help you code faster and smarter. The Kite plugin integrates with all the top editors and IDEs to give you smart completions and documentation while you’re typing. We made this YouTube channel and Kite to help you be more productive: https://kite.com/download/?utm_medium...

Level up your developer skills by joining Kite's Developer Community on Facebook ► https://www.facebook.com/groups/50565...

SUBSCRIBE for more Python tips, tutorials, and project breakdowns! ► https://www.youtube.com/c/KiteHQ?sub_...

FOLLOW US on Twitter ► https://twitter.com/kitehq

Source: https://docs.google.com/spreadsheets/...

*************************************** 
ADDITIONAL RESOURCES:

6 Python Tips and Tricks YOU Should Know ► 
https://www.youtube.com/watch?v=qEr9i...

How to NAIL LeetCode Questions– Valid Parentheses ► 
https://www.youtube.com/watch?v=-K6A2...

Sqlite 3 Python Tutorial in 5 minutes - Creating Database, Tables and Querying► 
https://www.youtube.com/watch?v=girsu...

*************************************** 
Don’t forget to subscribe :)
https://www.youtube.com/c/KiteHQ?sub_...

STAY TUNED:
Kite ► https://kite.com/
Twitter ►https://twitter.com/kitehq
YouTube ► https://www.youtube.com/channel/UCxVR..."
https://www.youtube.com/watch?v=bF50YPyUKTQ,"Kite uses machine learning to provide relevant completions for Python. 
Download Kite Free: https://kite.com/download/?utm_medium...

Kite is a free plugin that integrates with Atom, Vim, VS Code, Sublime, and PyCharm/IntelliJ.

JOIN our online community of people who want to level up their developer skills ► 
https://www.facebook.com/groups/50565..."
https://www.youtube.com/watch?v=LaneHUo4Nxo,⭐ Kite is a free AI-powered coding assistant that will help you code faster and smarter. The Kite plugin integrates with all the top editors and IDEs to give you smart completions and documentation while you’re typing. We made this YouTube channel and Kite to help you be more productive:  https://kite.com/download/?utm_medium...
https://www.youtube.com/watch?v=WQUjOgxeSA0,"Code Faster in Python with Line-of-Code Completions. 

⭐ Kite is a free AI-powered coding assistant that will help you code faster and smarter. The Kite plugin integrates with all the top editors and IDEs to give you smart completions and documentation while you’re typing. We made this YouTube channel and Kite to help you be more productive:  https://kite.com/download/?utm_medium...

Kite is a plugin for Atom, Vim, VS Code, Sublime Text, and PyCharm that uses machine learning to give you useful code completions for Python. Start coding faster today."
https://www.youtube.com/watch?v=RnVoeGwkpfo,"This video will show you how to add Python completions to Vim using a free plugin called Kite. 

⭐ Kite is a free AI-powered coding assistant that will help you code faster and smarter. The Kite plugin integrates with all the top editors and IDEs to give you smart completions and documentation while you’re typing. We made this YouTube channel and Kite to help you be more productive:   https://kite.com/download/?utm_medium..."
https://www.youtube.com/watch?v=I5SroLnCVYg,"PyCharm is an incredibly popular IDE for Python, and its highly configurable nature means there are many plugins available for PyCharm. Whether you need a package to change the colors of your brackets or a plugin to manage your Github repository, learn in this tutorial how to install plugins for PyCharm and see some of the best PyCharm plugins in action.

⭐ Kite is a free AI-powered coding assistant that will help you code faster and smarter. The Kite plugin integrates with all the top editors and IDEs to give you smart completions and documentation while you’re typing. We made this YouTube channel and Kite to help you be more productive:  https://kite.com/download/?utm_medium..."
https://www.youtube.com/watch?v=Qa-5mYCqPto,"Code faster with a Python autocomplete for your IDE. This video outlines why you should use an autocomplete while you're coding and compares the two most popular autocomplete engines for Python: Kite and Jedi.

⭐ Kite is a free AI-powered coding assistant that will help you code faster and smarter. The Kite plugin integrates with all the top editors and IDEs to give you smart completions and documentation while you’re typing. We made this YouTube channel and Kite to help you be more productive:  https://kite.com/download/?utm_medium..."
https://www.youtube.com/watch?v=r7Dtus7N4pI,"Decorators are an advanced feature of the Python language that allow you to modify the behavior of a function or method without touching its code. This video will teach you why decorators work and how to create your own. It will also walk through a few examples to give you a better idea of where to use Python decorators.

⭐ Kite is a free AI-powered coding assistant that will help you code faster and smarter. The Kite plugin integrates with all the top editors and IDEs to give you smart completions and documentation while you’re typing. We made this YouTube channel and Kite to help you be more productive:  https://kite.com/download/?utm_medium..."
https://www.youtube.com/watch?v=IJ9V9qwzgPk,"Customize Sublime for Python with these plugins and packages to add in specific features that you want in your dev setup. 

⭐ Kite is a free AI-powered coding assistant that will help you code faster and smarter. The Kite plugin integrates with all the top editors and IDEs to give you smart completions and documentation while you’re typing. We made this YouTube channel and Kite to help you be more productive:  https://kite.com/download/?utm_medium... 

Install Package Control: https://packagecontrol.io/installation"
https://www.youtube.com/watch?v=f7vJzFgUorc,"The right Python text editor or IDE for you is the most important of your programming setup. 

⭐ Kite is a free AI-powered coding assistant that will help you code faster and smarter. The Kite plugin integrates with all the top editors and IDEs to give you smart completions and documentation while you’re typing. We made this YouTube channel and Kite to help you be more productive: https://kite.com/download/?utm_medium...

Check out Kite's overview of the top Python IDEs and choose the one that's right for you."
https://www.youtube.com/watch?v=yYMCAhKt2pg,"Kite uses an advanced statistical model that considers all the open-source Python code on the internet to rank completions by relevance, instead of popularity or the alphabet. 

⭐ Kite is a free AI-powered coding assistant that will help you code faster and smarter. The Kite plugin integrates with all the top editors and IDEs to give you smart completions and documentation while you’re typing. We made this YouTube channel and Kite to help you be more productive:  https://kite.com/download/?utm_medium...

Available for Atom, Sublime, VS Code, PyCharm, Vim, and now Spyder. Update to the new Spyder 4 IDE to access Kite.

Learn more: https://kite.com/blog/product/announc..."
https://www.youtube.com/watch?v=aoNRwFnGKTw,"The new release of the Spyder IDE for Python, Spyder 4, has a host of exciting new features, including Dark Theme, a plots pane, and a deep integration with the Kite autocompletion engine. 

⭐ Kite is a free AI-powered coding assistant that will help you code faster and smarter. The Kite plugin integrates with all the top editors and IDEs to give you smart completions and documentation while you’re typing. We made this YouTube channel and Kite to help you be more productive:  https://kite.com/download/?utm_medium...

Spyder 4 installation instructions: https://github.com/spyder-ide/spyder/..."
https://www.youtube.com/watch?v=MWYRGLKMzAQ,"This Python 2020 tutorial is a quick overview for beginners of everything you need to know to write to a file and a CSV file in Python. This is part of a series covering python basics for beginners!

⭐ Kite is a free AI-powered coding assistant that will help you code faster and smarter. The Kite plugin integrates with all the top editors and IDEs to give you smart completions and documentation while you’re typing. We made this YouTube channel and Kite to help you be more productive:  https://kite.com/download/?utm_medium...

Subscribe ► https://www.youtube.com/channel/UCxVR...

***************************************
Timestamps:

0:17 - Opening files
0:45 - Writing to a file
1:07 - Running Code
1:20 - Kite overview
1:35 - Writing to CSV file

#csv #pythontutorials #python

***************************************
Additional Python Resources

Best Plugins for PyCharm ► 
https://www.youtube.com/watch?v=I5Sro...

Choosing an Autocomplete for Python ► 
https://www.youtube.com/watch?v=Qa-5m...

Best IDEs for Python ► 
https://www.youtube.com/watch?v=f7vJz...

***************************************
Be sure to subscribe for tutorials, project breakdowns and more!
https://www.youtube.com/channel/UCxVR...

STAY TUNED:
Kite ► https://kite.com/
YouTube ► https://www.youtube.com/channel/UCxVR...
Twitter ►https://twitter.com/kitehq"
https://www.youtube.com/watch?v=RkaHdOje-cI,"Today we are going to use BeautifulSoup and Requests to extract Baby Yoda images from Reddit! Beautiful Soup is a powerful Python web scraping library for extracting data from HTML files. We’ll pair BeautifulSoup with the Requests library to fetch the web page’s HTML files via a GET request. 

⭐ Kite is a free AI-powered coding assistant that will help you code faster and smarter. The Kite plugin integrates with all the top editors and IDEs to give you smart completions and documentation while you’re typing. We made this YouTube channel and Kite to help you be more productive:  https://kite.com/download/?utm_medium...

Subscribe ► https://www.youtube.com/channel/UCxVR...

Github repo: https://github.com/kiteco/python-yout...

***************************************
Timestamps:

0:07 - Intro
1:09 - Installing Requests and Beautiful Soup
1:40 - Get Request
3:11 - Printing out HTML and DOM structure
4:20 - Looping through images
5:24 - Baby Yoda!

#webscraping #pythontutorials #python

***************************************
Additional Python Resources

Read and Write to CSV with Python ► 
https://www.youtube.com/watch?v=MWYRG...

Choosing an Autocomplete for Python ► 
https://www.youtube.com/watch?v=Qa-5m...

Best IDEs for Python ► 
https://www.youtube.com/watch?v=f7vJz...

***************************************
Be sure to subscribe for tutorials, project breakdowns and more!
https://www.youtube.com/channel/UCxVR...

STAY TUNED:
Kite ► https://kite.com/
YouTube ► https://www.youtube.com/channel/UCxVR...
Twitter ►https://twitter.com/kitehq"
https://www.youtube.com/watch?v=ogPMCpcgb-E,"Today we’re going to use Scrapy to scrape all the top-voted images from the cats subreddit. Because why not? Cats are great! Web scraping is basically pulling data from websites for use in an outside application. And so, we’re going to use this when a website lacks a dedicated API for pulling data. We’ll write a program to extract the information we’d normally see when visiting a web page.

⭐ Kite is a free AI-powered coding assistant that will help you code faster and smarter. The Kite plugin integrates with all the top editors and IDEs to give you smart completions and documentation while you’re typing. We made this YouTube channel and Kite to help you be more productive:  https://kite.com/download/?utm_medium...

JOIN our online community of people who want to level up their developer skills ► 
https://www.facebook.com/groups/50565...

Subscribe ► https://www.youtube.com/channel/UCxVR...

*************************************** 
Timestamps:

0:10 - Intro
0:39 - Kite Promo
1:03 - Core Concepts (Spiders, Items & Selectors)
2:18 - Installing Scrapy
3:38 - Creating Spider
5:20 - Inspecting HTML & DOM
8:41 - Running Code
9:00 - Cat Pics!

#scrapy #cats #pythontutorials #python

*************************************** 
Additional Python Resources

Read and Write to CSV with Python ► 
https://www.youtube.com/watch?v=MWYRG...

Web Scraping Baby Yoda ► 
https://youtu.be/RkaHdOje-cI

Best IDEs for Python ► 
https://www.youtube.com/watch?v=f7vJz...

*************************************** 
Be sure to subscribe for tutorials, project breakdowns and more!
https://www.youtube.com/channel/UCxVR...

STAY TUNED:
Kite ► https://kite.com/
YouTube ► https://www.youtube.com/channel/UCxVR...
Twitter ►https://twitter.com/kitehq"
https://www.youtube.com/watch?v=girsuXz0yA8,"Today, we’re going to cover how to create and edit tables within a database using SQLite in Python. In this tutorial, we’ll create a database to manage data about a retail business with a few different locations. We’ll be storing information about each of our retail stores that are located across three different cities. We’ll also create a way to log data about  purchases from these stores.

⭐ Kite is a free AI-powered coding assistant that will help you code faster and smarter. The Kite plugin integrates with all the top editors and IDEs to give you smart completions and documentation while you’re typing. We made this YouTube channel and Kite to help you be more productive:  https://kite.com/download/?utm_medium...

JOIN our online community of people who want to level up their developer skills ► 
https://www.facebook.com/groups/50565...

Subscribe ► https://www.youtube.com/c/KiteHQ?sub_...

*************************************** 
Timestamps:

0:20 - What is SQLite?
0:45 - What uses SQLite
1:10 - Connection to db
2:00 - Create table query
3:00 - Select query
4:05 - Update and Delete

#sqlite #pythontutorials #python

*************************************** 
Additional Python Resources

Read and Write to CSV with Python ► 
https://www.youtube.com/watch?v=MWYRG...

Web Scraping Baby Yoda ► 
https://youtu.be/RkaHdOje-cI

Best IDEs for Python ► 
https://www.youtube.com/watch?v=f7vJz...

*************************************** 
Be sure to subscribe for tutorials, project breakdowns and more!
https://www.youtube.com/c/KiteHQ?sub_...

STAY TUNED:
Kite ► https://kite.com/
YouTube ► https://www.youtube.com/channel/UCxVR...
Twitter ►https://twitter.com/kitehq

*************************************** 
Keywords

 postgresql python sqlite python python mysql sqlite3 python python mysql database connection tutorial"
https://www.youtube.com/watch?v=UQQsYXa1EHs,"Have you ever found a pattern in a Python string you wanted to change, but were stuck trying to use built-in string operations? All that time, you could have solved the problem in an instant by using Regular Expressions. Today we’ll go through a quick tutorial on how to validate emails and replace a string using the regex library in Python.

⭐ Kite is a free AI-powered coding assistant that will help you code faster and smarter. The Kite plugin integrates with all the top editors and IDEs to give you smart completions and documentation while you’re typing. We made this YouTube channel and Kite to help you be more productive:  https://kite.com/download/?utm_medium...

Subscribe ► https://www.youtube.com/c/KiteHQ?sub_...

*************************************** 
Timestamps:

0:51 - regex intro
1:30 - verifying user emails
3:50 - Kite overview
4:39 - replacing strings

Cheat Sheet - https://cheatography.com/mutanclan/ch...

#regex #pythontutorials #python

*************************************** 
Additional Python Resources

Read and Write to CSV with Python ► 
https://www.youtube.com/watch?v=MWYRG...

Web Scraping Baby Yoda ► 
https://youtu.be/RkaHdOje-cI

Best IDEs for Python ► 
https://www.youtube.com/watch?v=f7vJz...

*************************************** 
Be sure to subscribe for tutorials, project breakdowns and more!
https://www.youtube.com/c/KiteHQ?sub_...

STAY TUNED:
Kite ► https://kite.com/
YouTube ► https://www.youtube.com/channel/UCxVR...
Twitter ►https://twitter.com/kitehq"
https://www.youtube.com/watch?v=0aiB-BNMgq8,"Welcome to Kite's YouTube channel to help you get more done with Python, and level up your developer skills. We’re releasing new videos every week, from quick tutorials to project breakdowns. There’s even advice to help you further your career as a developer, start your next project, or simply have fun with Python.

⭐ Kite is a free AI-powered coding assistant that will help you code faster and smarter. The Kite plugin integrates with all the top editors and IDEs to give you smart completions and documentation while you’re typing. We made this YouTube channel and Kite to help you be more productive:  https://kite.com/download/?utm_medium...

Subscribe ► http://www.youtube.com/c/KiteHQ?sub_c...

STAY TUNED:
Kite ► https://kite.com/
YouTube ► https://www.youtube.com/channel/UCxVR...
Twitter ►https://twitter.com/kitehq"
https://www.youtube.com/watch?v=qEr9iRX4K0o,"Today I will be showing you some handy Python tips and tricks to improve your productivity. These shortcuts will help you code faster and smarter in Python in just 5 minutes. The most powerful of these tips will be towards the end of the video so make sure you stick around to really see how to make your code shorter and more efficient. 

⭐ Kite is a free AI-powered coding assistant that will help you code faster and smarter. The Kite plugin integrates with all the top editors and IDEs to give you smart completions and documentation while you’re typing. We made this YouTube channel and Kite to help you be more productive:  https://kite.com/download/?utm_medium...

Want more tips and tricks? JOIN our online community of people who want to level up their developer skills ► https://www.facebook.com/groups/50565...

Subscribe ► https://www.youtube.com/c/KiteHQ?sub_...

*************************************** 
Timestamps:

0:35 - Swapping variables
1:58 - Creating lists
3:22 - List manipulation
6:00 - Lambda functions

#tipsandtricks #pythontutorials #python

*************************************** 
Additional Python Resources

Read and Write to CSV with Python ► 
https://www.youtube.com/watch?v=MWYRG...

Web Scraping Baby Yoda ► 
https://youtu.be/RkaHdOje-cI

Best IDEs for Python ► 
https://www.youtube.com/watch?v=f7vJz...

*************************************** 
Be sure to subscribe for tutorials, project breakdowns and more!
https://www.youtube.com/c/KiteHQ?sub_...

STAY TUNED:
Kite ► https://kite.com/
YouTube ► https://www.youtube.com/channel/UCxVR...
Twitter ►https://twitter.com/kitehq"
https://www.youtube.com/watch?v=zucvHSQsKHA,"In this video, you’ll learn the pros and cons of the three Python web scraping frameworks you should know - beautiful soup, selenium, and scrapy. I’ll also give you scenarios of when a certain framework is more effective than the others. Let’s jump in.

⭐ Kite is a free AI-powered coding assistant that will help you code faster and smarter. The Kite plugin integrates with all the top editors and IDEs to give you smart completions and documentation while you’re typing. We made this YouTube channel and Kite to help you be more productive: https://kite.com/download/?utm_medium...

JOIN our online community of people who want to level up their developer skills ► 
https://www.facebook.com/groups/50565...

Subscribe ► https://www.youtube.com/c/KiteHQ?sub_...
Twitter ►https://twitter.com/kitehq

*************************************** 
Additional Python Resources

Web Scraping with Cats! ► 
https://youtu.be/ogPMCpcgb-E

6 Python Tips and Tricks YOU Should Know ► 
https://youtu.be/qEr9iRX4K0o

Best IDEs for Python ► 
https://www.youtube.com/watch?v=f7vJz...

*************************************** 
Be sure to subscribe for tutorials, project breakdowns and more!
https://www.youtube.com/c/KiteHQ?sub_...

STAY TUNED:
Kite ► https://kite.com/
YouTube ► https://www.youtube.com/channel/UCxVR..."
https://www.youtube.com/watch?v=-K6A2XP0rK8,"So here’s the valid parentheses problem: Given a string containing just parentheses, square brackets, and curly brackets, determine if the input string is valid. In order for an input string to be valid, the open brackets must be closed by the same type of brackets and open brackets must be closed in the correct order.  

⭐ Kite is a free AI-powered coding assistant that will help you code faster and smarter. The Kite plugin integrates with all the top editors and IDEs to give you smart completions and documentation while you’re typing. We made this YouTube channel and Kite to help you be more productive:  https://kite.com/download/?utm_medium...

JOIN our online community of people who want to level up their dev skills ► 
https://www.facebook.com/groups/50565...

Subscribe ► https://www.youtube.com/c/KiteHQ?sub_...
Twitter ►https://twitter.com/kitehq

*************************************** 
Additional Python Resources

Read and Write to CSV with Python ► 
https://www.youtube.com/watch?v=MWYRG...

Web Scraping Baby Yoda ► 
https://youtu.be/RkaHdOje-cI

Best IDEs for Python ► 
https://www.youtube.com/watch?v=f7vJz...

*************************************** 
Be sure to subscribe for tutorials, project breakdowns and more!
https://www.youtube.com/c/KiteHQ?sub_...

STAY TUNED:
Kite ► https://kite.com/
YouTube ► https://www.youtube.com/channel/UCxVR..."
https://www.youtube.com/watch?v=D4VlmL3G4_o,"In this video we’ll go over the Matplotlib library for Python. Matplotlib is a popular library for creating graphs, plots, and other data visualizations.  People use visualization libraries like Matplotlib to describe and analyze data. You’ll probably find it faster and easier to use than alternatives like Excel, especially for large data sets. 

⭐ Kite is a free AI-powered coding assistant that will help you code faster and smarter. The Kite plugin integrates with all the top editors and IDEs to give you smart completions and documentation while you’re typing. We made this YouTube channel and Kite to help you be more productive:  https://kite.com/download/?utm_medium...

JOIN our online community of people who want to level up their dev skills ► 
https://www.facebook.com/groups/50565...

Subscribe ► https://www.youtube.com/c/KiteHQ?sub_...
Twitter ►https://twitter.com/kitehq

*************************************** 
Additional Python Resources

Read and Write to CSV with Python ► 
https://www.youtube.com/watch?v=MWYRG...

Web Scraping Baby Yoda ► 
https://youtu.be/RkaHdOje-cI

Best IDEs for Python ► 
https://www.youtube.com/watch?v=f7vJz...

*************************************** 
Be sure to subscribe for tutorials, project breakdowns and more!
https://www.youtube.com/c/KiteHQ?sub_...

STAY TUNED:
Kite ► https://kite.com/
YouTube ► https://www.youtube.com/channel/UCxVR..."
https://www.youtube.com/watch?v=m4nEnsavl6w,"This Python tutorial for beginners shows you step-by-step how to build a basic command-line program: Hangman! The game will allow for user input, and will also output a visual of the hangman alongside the word that’s being guessed. 

⭐ Kite is a free AI-powered coding assistant that will help you code faster and smarter. The Kite plugin integrates with all the top editors and IDEs to give you smart completions and documentation while you’re typing. We made this YouTube channel and Kite to help you be more productive:  https://kite.com/download/?utm_medium...

*************************************** 
SUBSCRIBE for more Python tips, tutorials, and project breakdowns! ► https://www.youtube.com/c/KiteHQ?sub_...

JOIN our online community of people who want to level up their developer skills ► 
https://www.facebook.com/groups/50565...

Follow us on Twitter ► https://twitter.com/kitehq

*************************************** 
ADDITIONAL RESOURCES:

Find the code from this tutorial here: https://github.com/kiteco/python-yout...

6 Python Tips and Tricks YOU Should Know ► 
https://www.youtube.com/watch?v=qEr9i...

How to NAIL LeetCode Questions– Valid Parentheses ► 
https://www.youtube.com/watch?v=-K6A2...

Sqlite 3 Python Tutorial in 5 minutes– Creating Database, Tables & Querying ► https://www.youtube.com/watch?v=girsu...

*************************************** 
Don’t forget to subscribe :)
https://www.youtube.com/c/KiteHQ?sub_...

STAY TUNED:
Kite ► https://kite.com/
Twitter ►https://twitter.com/kitehq
YouTube ► https://www.youtube.com/channel/UCxVR..."
https://www.youtube.com/watch?v=S8wJC02kOEs,"Ever wonder how startups do team offsites? No stuffy conference centers here. Check out the Kite team's adventures in Sonoma County.

⭐ Kite is a free AI-powered coding assistant that will help you code faster and smarter. The Kite plugin integrates with all the top editors and IDEs to give you smart completions and documentation while you’re typing. We made this YouTube channel and Kite to help you be more productive:   https://kite.com/download/?utm_medium...

Subscribe ► https://www.youtube.com/c/KiteHQ?sub_...
Twitter ►https://twitter.com/kitehq
Join the Team ►kite.com/careers

STAY TUNED:
Kite ► https://kite.com/
YouTube ► https://www.youtube.com/channel/UCxVR..."
https://www.youtube.com/watch?v=aIpjE4Q3w-Y,"There are so many programming languages out there that it can be overwhelming to know which is right for your project. Picking the right language is crucial for getting the best performance in the least amount of time. In today’s video, we’ll compare and contrast the two most popular languages, Python and JavaScript, and explain which situations best align with each.

⭐ Kite is a free AI-powered coding assistant that will help you code faster and smarter. The Kite plugin integrates with all the top editors and IDEs to give you smart completions and documentation while you’re typing. We made this YouTube channel and Kite to help you be more productive:  https://kite.com/download/?utm_medium...

*************************************** 
SUBSCRIBE for more Python tips, tutorials, and project breakdowns! ► https://www.youtube.com/c/KiteHQ?sub_...

JOIN our online community of people who want to level up their developer skills ► 
https://www.facebook.com/groups/50565...

FOLLOW us on Twitter ► https://twitter.com/kitehq

*************************************** 
ADDITIONAL RESOURCES:

6 Python Tips and Tricks YOU Should Know ► 
https://www.youtube.com/watch?v=qEr9i...

How to NAIL LeetCode Questions– Valid Parentheses ► 
https://www.youtube.com/watch?v=-K6A2...

Sqlite 3 Python Tutorial in 5 minutes– Creating Database, Tables & Querying ► https://www.youtube.com/watch?v=girsu...

*************************************** 
Don’t forget to subscribe :)
https://www.youtube.com/c/KiteHQ?sub_...

STAY TUNED:
Kite ► https://kite.com/
Twitter ►https://twitter.com/kitehq
YouTube ► https://www.youtube.com/channel/UCxVR..."
https://www.youtube.com/watch?v=EAvEa5fLwRA,"This intermediate Python programming tutorial shows you how to use the Twitter API, Matplotlib & GeoPandas to map out Harry and Meghan tweets from around the world. Combining Twitter’s powerful API for extracting data with Matplotlib and GeoPandas, we can pinpoint the exact spot any tweet about the Harry and Meghan saga originated!

⭐ Kite is a free AI-powered coding assistant that will help you code faster and smarter. The Kite plugin integrates with all the top editors and IDEs to give you smart completions and documentation while you’re typing. We made this YouTube channel and Kite to help you be more productive:  https://kite.com/download/?utm_medium...

*************************************** 
SUBSCRIBE for more Python tips, tutorials, and project breakdowns! ► https://www.youtube.com/c/KiteHQ?sub_...

Follow us Twitter ► https://twitter.com/kitehq

Link to Twitter authorization tokens: https://developer.twitter.com/en/docs...

*************************************** 
ADDITIONAL RESOURCES:

6 Python Tips and Tricks YOU Should Know ► 
https://www.youtube.com/watch?v=qEr9i...

How to NAIL LeetCode Questions– Valid Parentheses ► 
https://www.youtube.com/watch?v=-K6A2...

Sqlite 3 Python Tutorial in 5 minutes - Creating Database, Tables and Querying► 
https://www.youtube.com/watch?v=girsu...

*************************************** 
Don’t forget to subscribe :)
https://www.youtube.com/c/KiteHQ?sub_...

STAY TUNED:
Kite ► https://kite.com/
Twitter ►https://twitter.com/kitehq
YouTube ► https://www.youtube.com/channel/UCxVR..."
https://www.youtube.com/watch?v=Zee665ssm8Y,"Ace your next technical job interview in Python! This quick tutorial goes over the most important questions for web developers to know in preparation tech interviews. 

⭐ Kite is a free AI-powered coding assistant that will help you code faster and smarter. The Kite plugin integrates with all the top editors and IDEs to give you smart completions and documentation while you’re typing. We made this YouTube channel and Kite to help you be more productive:  https://kite.com/download/?utm_medium...
*************************************** 
SUBSCRIBE for more Python tips, tutorials, and project breakdowns! ► https://www.youtube.com/c/KiteHQ?sub_...

Follow us Twitter ► https://twitter.com/kitehq

*************************************** 
TIMESTAMPS:

00:17 - object-oriented programming questions 
02:46 - formatting strings for printing
03:51 - leveraging python's data structure (list vs. dict. vs. set)
06:13 - Kite's co-pilot
06:27 - list comprehension in Python
07:22 - using Python's standard library

*************************************** 
ADDITIONAL RESOURCES:

6 Python Tips and Tricks YOU Should Know ► 
https://www.youtube.com/watch?v=qEr9i...

How to NAIL LeetCode Questions– Valid Parentheses ► 
https://www.youtube.com/watch?v=-K6A2...

Sqlite 3 Python Tutorial in 5 minutes - Creating Database, Tables and Querying► 
https://www.youtube.com/watch?v=girsu...

*************************************** 
Don’t forget to subscribe :)
https://www.youtube.com/c/KiteHQ?sub_...

STAY TUNED:
Kite ► https://kite.com/
Twitter ►https://twitter.com/kitehq
YouTube ► https://www.youtube.com/channel/UCxVR..."
https://www.youtube.com/watch?v=77OA4njtsY0,"Given an array of integers, return indices of the two numbers such that they add up to a specific target. You may assume that each input would have exactly one solution, and you may not use the same element twice.

⭐ Kite is a free AI-powered coding assistant that will help you code faster and smarter. The Kite plugin integrates with all the top editors and IDEs to give you smart completions and documentation while you’re typing. We made this YouTube channel and Kite to help you be more productive:  https://kite.com/download/?utm_medium...

*************************************** 
SUBSCRIBE for more Python tips, tutorials, and project breakdowns! ► https://www.youtube.com/c/KiteHQ?sub_...

Follow us Twitter ► https://twitter.com/kitehq

*************************************** 
ADDITIONAL RESOURCES:

6 Python Tips and Tricks YOU Should Know ► 
https://www.youtube.com/watch?v=qEr9i...

How to NAIL LeetCode Questions– Valid Parentheses ► 
https://www.youtube.com/watch?v=-K6A2...

Sqlite 3 Python Tutorial in 5 minutes - Creating Database, Tables and Querying► 
https://www.youtube.com/watch?v=girsu...

*************************************** 
Don’t forget to subscribe :)
https://www.youtube.com/c/KiteHQ?sub_...

STAY TUNED:
Kite ► https://kite.com/
Twitter ►https://twitter.com/kitehq
YouTube ► https://www.youtube.com/channel/UCxVR..."
https://www.youtube.com/watch?v=qk7b4-iyCJ4,"This video explores the concept of sorting, and comparison sorts in particular. Sorting algorithms are key to the performance of many operations such as search and database operations.

⭐ Kite is a free AI-powered coding assistant that will help you code faster and smarter. The Kite plugin integrates with all the top editors and IDEs to give you smart completions and documentation while you’re typing. We made this YouTube channel and Kite to help you be more productive:  https://kite.com/download/?utm_medium...

*************************************** 
SUBSCRIBE for more Python tips, tutorials, and project breakdowns! ► https://www.youtube.com/c/KiteHQ?sub_...

Follow us Twitter ► https://twitter.com/kitehq

More on heaps and other data structures ► https://www.youtube.com/watch?v=Zee66...

*************************************** 
ADDITIONAL RESOURCES:

6 Python Tips and Tricks YOU Should Know ► 
https://www.youtube.com/watch?v=qEr9i...

How to NAIL LeetCode Questions– Valid Parentheses ► 
https://www.youtube.com/watch?v=-K6A2...

Sqlite 3 Python Tutorial in 5 minutes - Creating Database, Tables and Querying► 
https://www.youtube.com/watch?v=girsu...

*************************************** 
Don’t forget to subscribe :)
https://www.youtube.com/c/KiteHQ?sub_...

STAY TUNED:
Kite ► https://kite.com/
Twitter ►https://twitter.com/kitehq
YouTube ► https://www.youtube.com/channel/UCxVR..."
https://www.youtube.com/watch?v=MolWKHA7rRY,"Python is currently the fastest growing programming language in the world, and a go-to for companies like Facebook, Google, Spotify and Netflix. Learning Python can open up an expanse of programming opportunities for any developer!

⭐ Kite is a free AI-powered coding assistant that will help you code faster and smarter. The Kite plugin integrates with all the top editors and IDEs to give you smart completions and documentation while you’re typing. We made this YouTube channel and Kite to help you be more productive:  https://kite.com/download/?utm_medium...

Level up your developer skills by joining Kite's Developer Community on Facebook ► https://www.facebook.com/groups/50565...

*************************************** 
SUBSCRIBE for more Python tips, tutorials, and project breakdowns! ► https://www.youtube.com/c/KiteHQ?sub_...

REAL PYTHON BLOG ► https://www.realpython.com

PYTHON SUBREDDIT  ► https://www.reddit.com/r/Python/

TECH WITH TIM ► https://www.youtube.com/channel/UC4JX...

KITE ON TWITTER ► https://twitter.com/kitehq

*************************************** 
ADDITIONAL VIDEOS:

6 Python Tips and Tricks YOU Should Know ► 
https://www.youtube.com/watch?v=qEr9i...

How to NAIL LeetCode Questions– Valid Parentheses ► 
https://www.youtube.com/watch?v=-K6A2...

Sqlite 3 Python Tutorial in 5 minutes - Creating Database, Tables and Querying► 
https://www.youtube.com/watch?v=girsu...

*************************************** 
Don’t forget to subscribe :)
https://www.youtube.com/c/KiteHQ?sub_...

STAY TUNED:
Kite ► https://kite.com/
Twitter ►https://twitter.com/kitehq
YouTube ► https://www.youtube.com/channel/UCxVR..."
https://www.youtube.com/watch?v=K_ZuEy9_W_E,"Choosing the right data structure in a coding interview can be difference between getting hired, and not. Caelan shares the top data structures you need to know for your next technical interview.

⭐ Kite is a free AI-powered coding assistant that will help you code faster and smarter. The Kite plugin integrates with all the top editors and IDEs to give you smart completions and documentation while you’re typing. We made this YouTube channel and Kite to help you be more productive:  https://kite.com/download/?utm_medium...

Level up your dev skills by joining the Kite Developer Community on Facebook ► https://www.facebook.com/groups/50565...

*************************************** 
SUBSCRIBE for more Python tips, tutorials, and project breakdowns! ► https://www.youtube.com/c/KiteHQ?sub_...

Follow us Twitter ► https://twitter.com/kitehq

LEETCODE QUESTIONS:
Arrays: https://leetcode.com/problems/two-sum/
Linked List: https://leetcode.com/problems/reverse...
Stack: https://leetcode.com/problems/valid-p...
Queue: https://leetcode.com/problems/number-...
Hash Table: https://leetcode.com/problems/longest...
Heap: https://leetcode.com/problems/kth-lar...
Tree: https://leetcode.com/problems/maximum... 

*************************************** 
ADDITIONAL KITE VIDEOS:

6 Python Tips and Tricks YOU Should Know ► 
https://www.youtube.com/watch?v=qEr9i...

How to NAIL LeetCode Questions– Valid Parentheses ► 
https://www.youtube.com/watch?v=-K6A2...

Sqlite 3 Python Tutorial in 5 minutes - Creating Database, Tables and Querying ► 
https://www.youtube.com/watch?v=girsu...

*************************************** 
Don’t forget to subscribe :)
https://www.youtube.com/c/KiteHQ?sub_...

STAY TUNED:
Kite ► https://kite.com/
Twitter ►https://twitter.com/kitehq
YouTube ► https://www.youtube.com/channel/UCxVR..."
https://www.youtube.com/watch?v=Mw4kJZVgaVE,"10,000 subscribers! Thank you so much for believing in us and coming along on this journey. We made some fun visualization for you to celebrate. Watch until the end for an update on our future plans 🎥

⭐ Kite is a free AI-powered coding assistant that will help you code faster and smarter. The Kite plugin integrates with all the top editors and IDEs to give you smart completions and documentation while you’re typing. We made this YouTube channel and Kite to help you be more productive: https://kite.com/download/?utm_medium...

*************************************** 
SUBSCRIBE for more Python tips, tutorials, and project breakdowns! ► https://www.youtube.com/c/KiteHQ?sub_...

Follow us Twitter ► https://twitter.com/kitehq

*************************************** 
ADDITIONAL RESOURCES:

6 Python Tips and Tricks YOU Should Know ► 
https://www.youtube.com/watch?v=qEr9i...

How to NAIL LeetCode Questions– Valid Parentheses ► 
https://www.youtube.com/watch?v=-K6A2...

Sqlite 3 Python Tutorial in 5 minutes - Creating Database, Tables and Querying► 
https://www.youtube.com/watch?v=girsu...

*************************************** 
Don’t forget to subscribe :)
https://www.youtube.com/c/KiteHQ?sub_...

STAY TUNED:
Kite ► https://kite.com/
Twitter ►https://twitter.com/kitehq
YouTube ► https://www.youtube.com/channel/UCxVR..."
https://www.youtube.com/watch?v=TaUKkSVx2n0,"These newsletters are Caelan's top picks to stay immersed in the world of Python, keeping you up to date with exclusive Python tutorials, job listings, useful tips, popular tools, career advice, and more.

⭐ Kite is a free AI-powered coding assistant that will help you code faster and smarter. The Kite plugin integrates with all the top editors and IDEs to give you smart completions and documentation while you’re typing. We made this YouTube channel and Kite to help you be more productive: https://kite.com/download/?utm_medium...

Level up your dev skills by joining the Kite Developer Community on Facebook ► https://www.facebook.com/groups/50565...

*************************************** 
SUBSCRIBE for more Python tips, tutorials, and project breakdowns! ► https://www.youtube.com/c/KiteHQ?sub_...

FOLLOW US on Twitter ► https://twitter.com/kitehq

*************************************** 
NEWSLETTERS:

1. https://www.python.org/psf/newsletter/
2. https://www.realpython.com/newsletter
3. https://www.pythonweekly.com
4. https://www.pycoders.com 
5. https://python.libhunt.com/newsletter

*************************************** 
ADDITIONAL RESOURCES:

6 Python Tips and Tricks YOU Should Know ► 
https://www.youtube.com/watch?v=qEr9i...

How to NAIL LeetCode Questions– Valid Parentheses ► 
https://www.youtube.com/watch?v=-K6A2...

Sqlite 3 Python Tutorial in 5 minutes - Creating Database, Tables and Querying► 
https://www.youtube.com/watch?v=girsu...

*************************************** 
Don’t forget to subscribe :)
https://www.youtube.com/c/KiteHQ?sub_...

STAY TUNED:
Kite ► https://kite.com/
Twitter ►https://twitter.com/kitehq
YouTube ► https://www.youtube.com/channel/UCxVR..."
https://www.youtube.com/watch?v=gawb4hc1_2U,"In this 5-minute coding interview bootcamp, Caelan walks you through the basic sorting algorithms and data structures that are important to know for any technical interview in software development. 

⭐ Kite is a free AI-powered coding assistant that will help you code faster and smarter. The Kite plugin integrates with all the top editors and IDEs to give you smart completions and documentation while you’re typing. We made this YouTube channel and Kite to help you be more productive:  https://kite.com/download/?utm_medium...

Level up your developer skills by joining Kite's Developer Community on Facebook ► https://www.facebook.com/groups/50565...

*************************************** 
Python Technical Interviews Video ► https://youtu.be/Zee665ssm8Y

Bigosheet ►https://www.bigocheatsheet.com/

SUBSCRIBE for more Python tips, tutorials, and project breakdowns! ► https://www.youtube.com/c/KiteHQ?sub_...

FOLLOW US on Twitter ► https://twitter.com/kitehq

*************************************** 
ADDITIONAL RESOURCES:

6 Python Tips and Tricks YOU Should Know ► 
https://www.youtube.com/watch?v=qEr9i...

How to NAIL LeetCode Questions– Valid Parentheses ► 
https://www.youtube.com/watch?v=-K6A2...

Sqlite 3 Python Tutorial in 5 minutes - Creating Database, Tables and Querying► 
https://www.youtube.com/watch?v=girsu...

*************************************** 
Don’t forget to subscribe :)
https://www.youtube.com/c/KiteHQ?sub_...

STAY TUNED:
Kite ► https://kite.com/
Twitter ►https://twitter.com/kitehq
YouTube ► https://www.youtube.com/channel/UCxVR..."
https://www.youtube.com/watch?v=QfEEWY210d0,"Caelan goes through the 5 best online communities to follow for staying immersed in the world of Python and the latest tech news.

⭐ Kite is a free AI-powered coding assistant that will help you code faster and smarter. The Kite plugin integrates with all the top editors and IDEs to give you smart completions and documentation while you’re typing. We made this YouTube channel and Kite to help you be more productive: https://kite.com/download/?utm_medium...

*************************************** 
Level up your developer skills by joining Kite's Developer Community on Facebook ► https://www.facebook.com/groups/50565...

SUBSCRIBE for more Python tips, tutorials, and project breakdowns! ► https://www.youtube.com/c/KiteHQ?sub_...

FOLLOW US on Twitter ► https://twitter.com/kitehq

*************************************** 
TOP 5 PYTHON SITES:

www.reddit.com/r/Python
https://dev.to/ 
https://news.ycombinator.com/ 
https://realpython.com/
https://slashdot.org/ 

*************************************** 
ADDITIONAL RESOURCES:

6 Python Tips and Tricks YOU Should Know ► 
https://www.youtube.com/watch?v=qEr9i...

How to NAIL LeetCode Questions– Valid Parentheses ► 
https://www.youtube.com/watch?v=-K6A2...

Sqlite 3 Python Tutorial in 5 minutes - Creating Database, Tables and Querying► 
https://www.youtube.com/watch?v=girsu...

*************************************** 
Don’t forget to subscribe :)
https://www.youtube.com/c/KiteHQ?sub_...

STAY TUNED:
Kite ► https://kite.com/
Twitter ►https://twitter.com/kitehq
YouTube ► https://www.youtube.com/channel/UCxVR..."
https://www.youtube.com/watch?v=etSRnPp9H8s,"In this Python beginners tutorial, Caelan shows how to make a Discord bot that will remind you to do push-ups! After watching, you'll be able to create and customize your own Discord Developer bot, perhaps for more important uses... Or not. ;) 

⭐ Kite is a free AI-powered coding assistant that will help you code faster and smarter. The Kite plugin integrates with all the top editors and IDEs to give you smart completions and documentation while you’re typing. We made this YouTube channel and Kite to help you be more productive:  https://kite.com/download/?utm_medium...

*************************************** 
DISCORD LINKS ►
https://discordapp.com/register
https://discordapp.com/download

JOIN our community of developers  ► https://www.facebook.com/groups/50565...

SUBSCRIBE for more One Day Builds! ► https://www.youtube.com/c/KiteHQ?sub_...

Follow us on Twitter ► https://twitter.com/kitehq

*************************************** 
ADDITIONAL RESOURCES:

6 Python Tips and Tricks YOU Should Know (for beginners) ► 
https://www.youtube.com/watch?v=qEr9i...

How to NAIL LeetCode Questions– Valid Parentheses ► 
https://www.youtube.com/watch?v=-K6A2...

Sqlite 3 Python Tutorial in 5 minutes - Creating Database, Tables and Querying► 
https://www.youtube.com/watch?v=girsu...

*************************************** 
Don’t forget to subscribe :)
https://www.youtube.com/c/KiteHQ?sub_...

STAY TUNED:
Kite ► https://kite.com/
Twitter ►https://twitter.com/kitehq
YouTube ► https://www.youtube.com/channel/UCxVR... python tutorial beginner"
https://www.youtube.com/watch?v=MSgFz8vC1JM,"In this coding interview tutorial for Python, Caelan solves a problem from LeetCode in 3 different ways⁠— each one more sophisticated than the last. Iterating on your solution in a technical interview is an important skill as it's unlikely that you'll land on the perfect performance solution on your first attempt.  

This question is the Find Median from Data Stream problem from LeetCode, found here ► https://leetcode.com/problems/find-me...

⭐ Kite is a free AI-powered coding assistant that will help you code faster and smarter. The Kite plugin integrates with all the top editors and IDEs to give you smart completions and documentation while you’re typing. We made this YouTube channel and Kite to help you be more productive: https://kite.com/download/?utm_medium...

*************************************** 
JOIN our community of developers  ► https://www.facebook.com/groups/50565...

SUBSCRIBE for more Python tips, tutorials, and coding interview prep! ► https://www.youtube.com/c/KiteHQ?sub_...

Follow us Twitter ► https://twitter.com/kitehq

*************************************** 
ADDITIONAL RESOURCES:

6 Python Tips and Tricks YOU Should Know ► 
https://www.youtube.com/watch?v=qEr9i...

How to NAIL LeetCode Questions– Valid Parentheses ► 
https://www.youtube.com/watch?v=-K6A2...

Sqlite 3 Python Tutorial in 5 minutes - Creating Database, Tables and Querying► 
https://www.youtube.com/watch?v=girsu...

*************************************** 
Don’t forget to subscribe :)
https://www.youtube.com/c/KiteHQ?sub_...

STAY TUNED:
Kite ► https://kite.com/
Twitter ►https://twitter.com/kitehq
YouTube ► https://www.youtube.com/channel/UCxVR..."
https://www.youtube.com/watch?v=KAmZe5D3v5I,"In this in-depth Python tutorial using NumPy and Matplotlib, Caelan walks you through how to simulate the spread of a virus, using covid-19 as an example. We hope in watching this tutorial that you learn something about programming and pandemics.

⭐ Kite is a free AI-powered coding assistant that will help you code faster and smarter. The Kite plugin integrates with all the top editors and IDEs to give you smart completions and documentation while you’re typing. We made this YouTube channel and Kite to help you be more productive: https://kite.com/download/?utm_medium...

*************************************** 
JOIN our community of developers  ► https://www.facebook.com/groups/50565...

SUBSCRIBE for more Python tips, tutorials, and coding interview prep! ► https://www.youtube.com/c/KiteHQ?sub_...

Follow us Twitter ► https://twitter.com/kitehq

Completed Project Repo ►https://github.com/kiteco/python-yout...

Washington Post Viz ►
https://www.washingtonpost.com/graphi...

*************************************** 
ADDITIONAL RESOURCES:

6 Python Tips and Tricks YOU Should Know ► 
https://www.youtube.com/watch?v=qEr9i...

How to NAIL LeetCode Questions– Valid Parentheses ► 
https://www.youtube.com/watch?v=-K6A2...

Sqlite 3 Python Tutorial in 5 minutes - Creating Database, Tables and Querying► 
https://www.youtube.com/watch?v=girsu...

*************************************** 
Don’t forget to subscribe :)
https://www.youtube.com/c/KiteHQ?sub_...

STAY TUNED:
Kite ► https://kite.com/
Twitter ►https://twitter.com/kitehq
YouTube ► https://www.youtube.com/channel/UCxVR..."
https://www.youtube.com/watch?v=OOBBI-kSChM,"In this visualization, we run 10 different sorting algorithms in 5 minutes to determine which one is the fastest.

⭐ Kite is a free AI-powered coding assistant that will help you code faster and smarter. The Kite plugin integrates with all the top editors and IDEs to give you smart completions and documentation while you’re typing. We made this YouTube channel and Kite to help you be more productive: https://kite.com/download/?utm_medium...

*************************************** 
JOIN Kite's Developer Community on Facebook ►
https://www.facebook.com/groups/50565...

SUBSCRIBE for more Python tips, tutorials, and project breakdowns! ► https://www.youtube.com/c/KiteHQ?sub_...

FOLLOW US onTwitter ► https://twitter.com/kitehq

*************************************** 
OTHER COOL VISUALIZATIONS:

3 Levels of Sorting Algorithms - FASTEST Comparison Sort! ► 
https://www.youtube.com/watch?v=qk7b4...

Simulating COVID-19 using Python, NumPy & Matplotlib [in-depth tutorial] ► 
https://youtu.be/KAmZe5D3v5I

BIGGEST Codebases in History - Can you guess the largest? ► 
https://youtu.be/afEg6VuAQJQ

*************************************** 
Don’t forget to subscribe :)
https://www.youtube.com/c/KiteHQ?sub_...

STAY TUNED:
Kite ► https://kite.com/
Twitter ►https://twitter.com/kitehq
YouTube ► https://www.youtube.com/channel/UCxVR..."
